,hit_at_1,hit_at_2,hit_at_3,hit_at_4,hit_at_5,hit_at_10,hit_at_15,hit_at_20,Context Relevance (Contextrelevance-Langfuse),mrr_doc,ratio_correct_docs,semantic_similarity,len_answers_quality,Answer Correctness - RAGAS,chrf_score,Groundedness (Faithfulness-RAGAS),Answer Relevance (Relevance-Langfuse)
mean,0.5384615384615384,0.6153846153846154,0.6923076923076923,0.6923076923076923,0.7692307692307693,0.8461538461538461,0.8461538461538461,0.8461538461538461,0.0,0.6289377289377289,0.13846153846153847,0.5324527607355592,0.32446555028833174,0.45385791485634946,0.229934067184174,0.7692307692307693,0.8384615384615385
standard_deviation,0.5188745216627709,0.5063696835418333,0.48038446141526137,0.48038446141526137,0.4385290096535146,0.37553380809940534,0.37553380809940534,0.37553380809940534,0.0,0.435813855994247,0.09607689228305227,0.2151077058316159,0.3358937540647225,0.4548048055636539,0.1524255622143097,0.4385290096535146,0.3731363949426124
ci_lower_bound,0.22490880313376072,0.30938847810502507,0.4020142676025728,0.4020142676025728,0.5042303408867336,0.6192210371188447,0.6192210371188447,0.6192210371188447,,0.36557805152894896,0.08040285352051457,0.402464475056306,0.12148698616650369,0.17902212147857327,0.13782422179609521,0.5042303408867336,0.6129774716978174
ci_upper_bound,0.8520142737893162,0.9213807526642057,0.9826011170128117,0.9826011170128117,1.034231197574805,1.0730866551888476,1.0730866551888476,1.0730866551888476,,0.8922974063465089,0.19652022340256237,0.6624410464148125,0.5274441144101598,0.7286937082341256,0.3220439125722528,1.034231197574805,1.0639456052252596
