semantic_similarity,Answer Correctness - RAGAS,len_answers_quality,chrf_score
1.0,0.3623715376697393,0.47742929103557086,0.5806572458540727
0.3623715376697393,1.0,-0.0841654636156865,0.11222061815424865
0.47742929103557086,-0.0841654636156865,1.0,0.6883116883116882
0.5806572458540727,0.11222061815424865,0.6883116883116882,1.0
