semantic_similarity,Answer Correctness - RAGAS,len_answers_quality,chrf_score
1.0,0.028759865427152535,0.4358974358974358,0.282051282051282
0.028759865427152535,1.0,-0.3163585196986779,0.11503946170861015
0.4358974358974358,-0.3163585196986779,1.0,0.23076923076923073
0.282051282051282,0.11503946170861015,0.23076923076923073,1.0
