semantic_similarity,len_answers_quality,chrf_score
1.0,0.33333333333333326,0.4871794871794871
0.33333333333333326,1.0,0.5384615384615383
0.4871794871794871,0.5384615384615383,1.0
