mrr_doc,ratio_correct_docs
1.0,0.7292291889961849
0.7292291889961849,1.0
