semantic_similarity,Answer Correctness - RAGAS,len_answers_quality,chrf_score
1.0,-0.014740991400388204,0.46153846153846145,0.3589743589743589
-0.014740991400388204,1.0,-0.19163288820504665,-0.22111487100582305
0.46153846153846145,-0.19163288820504665,1.0,0.33333333333333326
0.3589743589743589,-0.22111487100582305,0.33333333333333326,1.0
