semantic_similarity,len_answers_quality,chrf_score
1.0,0.23076923076923073,0.25641025641025633
0.23076923076923073,1.0,0.3589743589743589
0.25641025641025633,0.3589743589743589,1.0
