semantic_similarity,len_answers_quality,chrf_score
1.0,0.6666666666666665,0.4871794871794871
0.6666666666666665,1.0,0.5128205128205127
0.4871794871794871,0.5128205128205127,1.0
