mrr_doc,ratio_correct_docs
1.0,0.5528638004143217
0.5528638004143217,1.0
