semantic_similarity,Answer Correctness - RAGAS,len_answers_quality,chrf_score
1.0,-0.07022084070579052,0.5384615384615383,0.3846153846153845
-0.07022084070579052,1.0,-0.21066252211737158,-0.07022084070579053
0.5384615384615383,-0.21066252211737158,1.0,0.33333333333333326
0.3846153846153845,-0.07022084070579053,0.33333333333333326,1.0
