,summaries_nb_chars,summaries_nb_tokens,documents_nb_chars,documents_nb_tokens
count,300.0,300.0,322.0,322.0
mean,414.35333333333335,88.54,20890.80745341615,6199.248447204969
std,294.0706723846237,66.77518113830551,72585.24035257232,21253.6341269354
min,58.0,19.0,269.0,114.0
25%,234.75,45.75,4507.25,1320.5
50%,339.5,69.0,8655.0,2393.0
75%,524.75,109.25,17179.75,4992.25
max,3533.0,710.0,1191011.0,341610.0
