,hit_at_1,hit_at_2,hit_at_3,hit_at_4,hit_at_5,hit_at_10,hit_at_15,hit_at_20,Context Relevance (Contextrelevance-Langfuse),mrr_doc,ratio_correct_docs,semantic_similarity,len_answers_quality,Answer Correctness - RAGAS,chrf_score,Groundedness (Faithfulness-RAGAS),Answer Relevance (Relevance-Langfuse)
mean,0.6153846153846154,0.6153846153846154,0.6153846153846154,0.6923076923076923,0.7692307692307693,0.7692307692307693,0.7692307692307693,0.7692307692307693,0.5923076923076923,0.6499999999999999,0.14615384615384616,0.582829073324575,0.2065126748431442,0.6325144086682547,0.20572172408895406,0.4612983911513323,0.973076923076923
standard_deviation,0.5063696835418333,0.5063696835418333,0.5063696835418333,0.48038446141526137,0.4385290096535146,0.4385290096535146,0.4385290096535146,0.4385290096535146,0.4906824133482173,0.4663689526544407,0.11266014242982161,0.1789611661801942,0.22455230032226833,0.4221042518764448,0.11802629091900597,0.3587959667671002,0.04385290096535146
ci_lower_bound,0.30938847810502507,0.30938847810502507,0.30938847810502507,0.4020142676025728,0.5042303408867336,0.5042303408867336,0.5042303408867336,0.5042303408867336,0.29579127753070555,0.3681760624743297,0.07807400344334572,0.4746839229451957,0.0708170778333678,0.3774393621132357,0.13439915030049115,0.24448015840427115,0.9465768802425194
ci_upper_bound,0.9213807526642057,0.9213807526642057,0.9213807526642057,0.9826011170128117,1.034231197574805,1.034231197574805,1.034231197574805,1.034231197574805,0.8888241070846791,0.93182393752567,0.2142336888643466,0.6909742237039543,0.3422082718529206,0.8875894552232737,0.27704429787741697,0.6781166238983934,0.9995769659113265
