mrr_doc,ratio_correct_docs,Context Relevance (Contextrelevance-Langfuse)
1.0,0.7097505755774448,0.46083024232799513
0.7097505755774448,1.0,0.37493909506297635
0.46083024232799513,0.37493909506297635,1.0
