semantic_similarity,Answer Correctness - RAGAS,len_answers_quality,chrf_score
1.0,0.0,0.33333333333333326,0.30769230769230765
0.0,1.0,0.05413319619607667,0.081199794294115
0.33333333333333326,0.05413319619607667,1.0,0.8717948717948716
0.30769230769230765,0.081199794294115,0.8717948717948716,1.0
