,summaries_nb_chars,summaries_nb_tokens,documents_nb_chars,documents_nb_tokens
count,300.0,300.0,322.0,322.0
mean,415.3833333333333,89.52333333333333,21920.655279503106,6199.248447204969
std,294.0577544156854,66.76857742977262,76415.68431972679,21253.634126935405
min,59.0,20.0,336.0,114.0
25%,235.75,47.0,4727.75,1320.5
50%,340.5,70.0,8964.0,2393.0
75%,525.75,110.25,17869.25,4992.25
max,3534.0,711.0,1255982.0,341610.0
