semantic_similarity,Answer Correctness - RAGAS,len_answers_quality,chrf_score
1.0,0.2754491154759396,-0.05128205128205127,0.3846153846153845
0.2754491154759396,1.0,-0.15947054053870188,0.18846518427301132
-0.05128205128205127,-0.15947054053870188,1.0,0.30769230769230765
0.3846153846153845,0.18846518427301132,0.30769230769230765,1.0
