semantic_similarity,len_answers_quality,chrf_score
1.0,0.4871794871794871,0.3846153846153845
0.4871794871794871,1.0,0.6410256410256409
0.3846153846153845,0.6410256410256409,1.0
