semantic_similarity,len_answers_quality,chrf_score
1.0,0.4102564102564102,0.282051282051282
0.4102564102564102,1.0,0.4102564102564102
0.282051282051282,0.4102564102564102,1.0
