,hit_at_1,hit_at_2,hit_at_3,hit_at_4,hit_at_5,hit_at_10,hit_at_15,hit_at_20,Context Relevance (Contextrelevance-Langfuse),mrr_doc,ratio_correct_docs,semantic_similarity,len_answers_quality,Answer Correctness - RAGAS,chrf_score,Groundedness (Faithfulness-RAGAS),Answer Relevance (Relevance-Langfuse)
mean,0.5384615384615384,0.6153846153846154,0.6923076923076923,0.6923076923076923,0.7692307692307693,0.8461538461538461,0.8461538461538461,0.8461538461538461,0.9230769230769231,0.6289377289377289,0.13846153846153847,0.6187686356227095,0.26105594034800456,0.7446153846153846,0.25581363726401496,0.8461538461538461,0.9961538461538461
standard_deviation,0.5188745216627708,0.5063696835418333,0.48038446141526137,0.48038446141526137,0.4385290096535146,0.3755338080994054,0.3755338080994054,0.3755338080994054,0.2773500981126146,0.43581385599424693,0.09607689228305227,0.1988904071512132,0.23197326513453945,0.42500226243741696,0.11172621027458152,0.3755338080994054,0.013867504905630742
ci_lower_bound,0.22490880313376077,0.30938847810502507,0.4020142676025728,0.4020142676025728,0.5042303408867336,0.6192210371188447,0.6192210371188447,0.6192210371188447,0.755475936179444,0.365578051528949,0.08040285352051457,0.49858036545505363,0.12087589918359481,0.48778908780531416,0.18829816410657657,0.6192210371188447,0.987773796808972
ci_upper_bound,0.8520142737893162,0.9213807526642057,0.9826011170128117,0.9826011170128117,1.034231197574805,1.0730866551888476,1.0730866551888476,1.0730866551888476,1.0906779099744022,0.8922974063465088,0.19652022340256237,0.7389569057903653,0.4012359815124143,1.001441681425455,0.32332911042145335,1.0730866551888476,1.00453389549872
