Context Relevance (Contextrelevance-Langfuse),Groundedness (Faithfulness-RAGAS),Answer Relevance (Relevance-Langfuse)
1.0,0.67700320038633,-0.08333333333333334
0.67700320038633,1.0,-0.12309149097933272
-0.08333333333333334,-0.12309149097933272,1.0
