semantic_similarity,Answer Correctness - RAGAS,len_answers_quality,chrf_score
1.0,0.33449680400283627,0.3589743589743589,0.4871794871794871
0.33449680400283627,1.0,0.0,0.16724840200141813
0.3589743589743589,0.0,1.0,0.6153846153846153
0.4871794871794871,0.16724840200141813,0.6153846153846153,1.0
