mrr_doc,ratio_correct_docs,Context Relevance (Contextrelevance-Langfuse)
1.0,0.48261708906584017,0.4243342123957528
0.48261708906584017,1.0,0.3822764257713038
0.4243342123957528,0.3822764257713038,1.0
