mrr_doc,ratio_correct_docs,Context Relevance (Contextrelevance-Langfuse)
1.0,0.48261708906584017,0.16718346377260587
0.48261708906584017,1.0,0.3765327842541038
0.16718346377260587,0.3765327842541038,1.0
