semantic_similarity,Answer Correctness - RAGAS,len_answers_quality,chrf_score
1.0,-0.10498162982203109,0.4871794871794871,0.5384615384615383
-0.10498162982203109,1.0,-0.46491864635470903,-0.3149448894660933
0.4871794871794871,-0.46491864635470903,1.0,0.7435897435897434
0.5384615384615383,-0.3149448894660933,0.7435897435897434,1.0
