mrr_doc,ratio_correct_docs,Context Relevance (Contextrelevance-Langfuse)
1.0,0.7097505755774448,0.4783859734515904
0.7097505755774448,1.0,0.16680974049047873
0.4783859734515904,0.16680974049047873,1.0
