semantic_similarity,Answer Correctness - RAGAS,len_answers_quality,chrf_score
1.0,-0.12639751327042295,0.4102564102564102,0.6410256410256409
-0.12639751327042295,1.0,-0.3511042035289526,-0.07022084070579053
0.4102564102564102,-0.3511042035289526,1.0,0.564102564102564
0.6410256410256409,-0.07022084070579053,0.564102564102564,1.0
