mrr_doc,ratio_correct_docs,Context Relevance (Contextrelevance-Langfuse)
1.0,0.3383816846434873,0.5382625136761547
0.3383816846434873,1.0,0.1679970134129754
0.5382625136761547,0.1679970134129754,1.0
