,hit_at_1,hit_at_2,hit_at_3,hit_at_4,hit_at_5,hit_at_10,hit_at_15,hit_at_20,Context Relevance (Contextrelevance-Langfuse),mrr_doc,ratio_correct_docs,semantic_similarity,len_answers_quality,Answer Correctness - RAGAS,chrf_score,Groundedness (Faithfulness-RAGAS),Answer Relevance (Relevance-Langfuse)
mean,0.5384615384615384,0.6153846153846154,0.6923076923076923,0.6923076923076923,0.7692307692307693,0.8461538461538461,0.8461538461538461,0.8461538461538461,0.0,0.628937728937729,0.13846153846153847,0.5255046921320665,0.41370064545049406,0.5892134181607867,0.2540647868217126,0.7884615384615384,0.8038461538461539
standard_deviation,0.5188745216627708,0.5063696835418333,0.48038446141526137,0.48038446141526137,0.4385290096535146,0.37553380809940534,0.37553380809940534,0.37553380809940534,0.0,0.43581385599424693,0.09607689228305229,0.18618381741526668,0.2838882359140078,0.470840871154612,0.1111490960899719,0.3658060996813784,0.3044541142640508
ci_lower_bound,0.22490880313376077,0.30938847810502507,0.4020142676025728,0.4020142676025728,0.5042303408867336,0.6192210371188447,0.6192210371188447,0.6192210371188447,,0.3655780515289491,0.08040285352051457,0.4129949372933698,0.2421487014217855,0.3046871273312807,0.18689806027569175,0.5674071247911214,0.6198663739113583
ci_upper_bound,0.8520142737893162,0.9213807526642057,0.9826011170128117,0.9826011170128117,1.034231197574805,1.0730866551888476,1.0730866551888476,1.0730866551888476,,0.892297406346509,0.19652022340256237,0.6380144469707633,0.5852525894792027,0.8737397089902925,0.32123151336773337,1.0095159521319554,0.9878259337809494
