semantic_similarity,Answer Correctness - RAGAS,len_answers_quality,chrf_score
1.0,0.14153462926807445,0.3846153846153845,0.33333333333333326
0.14153462926807445,1.0,-0.2830692585361489,0.11322770341445956
0.3846153846153845,-0.2830692585361489,1.0,0.23076923076923073
0.33333333333333326,0.11322770341445956,0.23076923076923073,1.0
