semantic_similarity,Answer Correctness - RAGAS,len_answers_quality,chrf_score
1.0,0.25954954703479516,0.0,0.4358974358974358
0.25954954703479516,1.0,-0.351155269517664,0.3206200286900411
0.0,-0.351155269517664,1.0,0.10256410256410255
0.4358974358974358,0.3206200286900411,0.10256410256410255,1.0
