semantic_similarity,len_answers_quality,chrf_score
1.0,0.4358974358974358,0.4358974358974358
0.4358974358974358,1.0,0.23076923076923073
0.4358974358974358,0.23076923076923073,1.0
