mrr_doc,ratio_correct_docs
1.0,0.6061301842258155
0.6061301842258155,1.0
