semantic_similarity,len_answers_quality,chrf_score
1.0,0.23076923076923073,0.15384615384615383
0.23076923076923073,1.0,0.46153846153846145
0.15384615384615383,0.46153846153846145,1.0
