semantic_similarity,Answer Correctness - RAGAS,len_answers_quality,chrf_score
1.0,-0.25883878884437284,0.5384615384615383,0.5897435897435896
-0.25883878884437284,1.0,-0.20131905799006775,-0.057519730854305076
0.5384615384615383,-0.20131905799006775,1.0,0.282051282051282
0.5897435897435896,-0.057519730854305076,0.282051282051282,1.0
