semantic_similarity,Answer Correctness - RAGAS,len_answers_quality,chrf_score
1.0,0.04852615860619696,0.33333333333333326,0.282051282051282
0.04852615860619696,1.0,0.048526158606196954,0.40438465505164134
0.33333333333333326,0.048526158606196954,1.0,0.4358974358974358
0.282051282051282,0.40438465505164134,0.4358974358974358,1.0
