semantic_similarity,len_answers_quality,chrf_score
1.0,0.564102564102564,0.5897435897435896
0.564102564102564,1.0,0.3589743589743589
0.5897435897435896,0.3589743589743589,1.0
