mrr_doc,ratio_correct_docs
1.0,0.55191972660468
0.55191972660468,1.0
