,hit_at_1,hit_at_2,hit_at_3,hit_at_4,hit_at_5,hit_at_10,hit_at_15,hit_at_20,mrr_doc,ratio_correct_docs,semantic_similarity,len_answers_quality,chrf_score
mean,0.46153846153846156,0.6153846153846154,0.6153846153846154,0.6153846153846154,0.6153846153846154,0.6923076923076923,0.6923076923076923,0.6923076923076923,0.5461538461538461,0.10384615384615385,0.5848924305660466,0.42361418405524154,0.26147102654407217
standard_deviation,0.5188745216627708,0.5063696835418333,0.5063696835418333,0.5063696835418333,0.5063696835418333,0.48038446141526137,0.48038446141526137,0.48038446141526137,0.4683577418586932,0.09674179220468451,0.1862273508861793,0.31020856224296356,0.10072841239046078
ci_lower_bound,0.1479857262106839,0.30938847810502507,0.30938847810502507,0.30938847810502507,0.30938847810502507,0.4020142676025728,0.4020142676025728,0.4020142676025728,0.26312809534008963,0.045385673903750964,0.47235636871416437,0.23615702600924593,0.20060145613417568
ci_upper_bound,0.7750911968662393,0.9213807526642057,0.9213807526642057,0.9213807526642057,0.9213807526642057,0.9826011170128117,0.9826011170128117,0.9826011170128117,0.8291795969676026,0.16230663378855675,0.6974284924179287,0.6110713421012371,0.32234059695396866
