semantic_similarity,len_answers_quality,chrf_score
1.0,0.33333333333333326,0.46153846153846145
0.33333333333333326,1.0,0.5128205128205127
0.46153846153846145,0.5128205128205127,1.0
