semantic_similarity,Answer Correctness - RAGAS,len_answers_quality,chrf_score
1.0,-0.2754491154759396,0.5384615384615383,0.5897435897435896
-0.2754491154759396,1.0,-0.4494169778817962,0.07248660933577358
0.5384615384615383,-0.4494169778817962,1.0,0.282051282051282
0.5897435897435896,0.07248660933577358,0.282051282051282,1.0
