semantic_similarity,len_answers_quality,chrf_score
1.0,0.3589743589743589,0.07692307692307691
0.3589743589743589,1.0,0.30769230769230765
0.07692307692307691,0.30769230769230765,1.0
