,hit_at_1,hit_at_2,hit_at_3,hit_at_4,hit_at_5,hit_at_10,hit_at_15,hit_at_20,mrr_doc,ratio_correct_docs,semantic_similarity,len_answers_quality,chrf_score
mean,0.46153846153846156,0.5384615384615384,0.6153846153846154,0.6153846153846154,0.6923076923076923,0.8461538461538461,0.8461538461538461,0.8461538461538461,0.5605616605616606,0.12692307692307694,0.594255136523359,0.442883532512403,0.2575129423453195
standard_deviation,0.5188745216627708,0.5188745216627709,0.5063696835418333,0.5063696835418333,0.48038446141526137,0.37553380809940534,0.37553380809940534,0.37553380809940534,0.4424254244688552,0.09919548170024474,0.16668843310780257,0.3095137258172526,0.07479318502030202
ci_lower_bound,0.1479857262106839,0.22490880313376072,0.30938847810502507,0.30938847810502507,0.4020142676025728,0.6192210371188447,0.6192210371188447,0.6192210371188447,0.2932066523099304,0.06697984725823158,0.49352632451508416,0.25584625991614746,0.21231587298095778
ci_upper_bound,0.7750911968662393,0.8520142737893162,0.9213807526642057,0.9213807526642057,0.9826011170128117,1.0730866551888476,1.0730866551888476,1.0730866551888476,0.8279166688133908,0.1868663065879223,0.6949839485316339,0.6299208051086584,0.30271001170968126
