semantic_similarity,len_answers_quality,chrf_score
1.0,0.5384615384615383,0.23076923076923073
0.5384615384615383,1.0,0.17948717948717946
0.23076923076923073,0.17948717948717946,1.0
