mrr_doc,ratio_correct_docs
1.0,0.4774318553161155
0.4774318553161155,1.0
