semantic_similarity,Answer Correctness - RAGAS,len_answers_quality,chrf_score
1.0,0.2589892597013514,0.46153846153846145,0.6666666666666665
0.2589892597013514,1.0,-0.231727232364367,0.09541709567944523
0.46153846153846145,-0.231727232364367,1.0,0.5384615384615383
0.6666666666666665,0.09541709567944523,0.5384615384615383,1.0
