mrr_doc,ratio_correct_docs,Context Relevance (Contextrelevance-Langfuse)
1.0,0.34634469611367963,0.6886615587844478
0.34634469611367963,1.0,0.3733266964732787
0.6886615587844478,0.3733266964732787,1.0
