semantic_similarity,Answer Correctness - RAGAS,len_answers_quality,chrf_score
1.0,0.05661385170722978,0.5128205128205127,0.4102564102564102
0.05661385170722978,1.0,-0.14153462926807445,0.19814848097530424
0.5128205128205127,-0.14153462926807445,1.0,0.4358974358974358
0.4102564102564102,0.19814848097530424,0.4358974358974358,1.0
