,hit_at_1,hit_at_2,hit_at_3,hit_at_4,hit_at_5,hit_at_10,hit_at_15,hit_at_20,Context Relevance (Contextrelevance-Langfuse),mrr_doc,ratio_correct_docs,semantic_similarity,len_answers_quality,Answer Correctness - RAGAS,chrf_score,Groundedness (Faithfulness-RAGAS),Answer Relevance (Relevance-Langfuse)
mean,0.6153846153846154,0.6153846153846154,0.6153846153846154,0.6923076923076923,0.7692307692307693,0.7692307692307693,0.7692307692307693,0.7692307692307693,0.6,0.6499999999999999,0.14615384615384616,0.5938500633001091,0.4580245673227123,0.5155225879833739,0.2772335574493398,0.7373846153846154,0.9884615384615384
standard_deviation,0.5063696835418333,0.5063696835418333,0.5063696835418333,0.48038446141526137,0.4385290096535146,0.4385290096535146,0.4385290096535146,0.4385290096535146,0.47609522856952335,0.4663689526544407,0.11266014242982161,0.20442092647753424,0.30447002057477873,0.45552874166401797,0.10796747722371425,0.3816203476540392,0.0299572344757639
ci_lower_bound,0.30938847810502507,0.30938847810502507,0.30938847810502507,0.4020142676025728,0.5042303408867336,0.5042303408867336,0.5042303408867336,0.5042303408867336,0.312298532762611,0.3681760624743297,0.07807400344334572,0.47031973375171127,0.274035175300544,0.24024932439845736,0.2119894639420133,0.5067737473076699,0.9703585628468748
ci_upper_bound,0.9213807526642057,0.9213807526642057,0.9213807526642057,0.9826011170128117,1.034231197574805,1.034231197574805,1.034231197574805,1.034231197574805,0.887701467237389,0.93182393752567,0.2142336888643466,0.717380392848507,0.6420139593448806,0.7907958515682905,0.3424776509566663,0.967995483461561,1.006564514076202
