semantic_similarity,Answer Correctness - RAGAS,len_answers_quality,chrf_score
1.0,-0.3679900360969936,0.6410256410256409,0.46153846153846145
-0.3679900360969936,1.0,-0.48121773951145314,-0.02830692585361489
0.6410256410256409,-0.48121773951145314,1.0,0.5128205128205127
0.46153846153846145,-0.02830692585361489,0.5128205128205127,1.0
