mrr_doc,ratio_correct_docs,Context Relevance (Contextrelevance-Langfuse)
1.0,0.7097505755774448,0.4902044221234001
0.7097505755774448,1.0,0.3489836112123038
0.4902044221234001,0.3489836112123038,1.0
