semantic_similarity,len_answers_quality,chrf_score
1.0,0.46153846153846145,0.4102564102564102
0.46153846153846145,1.0,0.5897435897435896
0.4102564102564102,0.5897435897435896,1.0
