,hit_at_1,hit_at_2,hit_at_3,hit_at_4,hit_at_5,hit_at_10,hit_at_15,hit_at_20,mrr_doc,ratio_correct_docs,semantic_similarity,len_answers_quality,chrf_score
mean,0.6153846153846154,0.7692307692307693,0.7692307692307693,0.7692307692307693,0.7692307692307693,0.8461538461538461,0.8461538461538461,0.8461538461538461,0.7008547008547008,0.15384615384615385,0.5301776536496857,0.3854146380201946,0.24114314477294543
standard_deviation,0.5063696835418333,0.4385290096535146,0.4385290096535146,0.4385290096535146,0.4385290096535146,0.3755338080994054,0.3755338080994054,0.3755338080994054,0.4209889771696945,0.12493588099090812,0.19684820869162162,0.2866744876738303,0.09916283176065112
ci_lower_bound,0.30938847810502507,0.5042303408867336,0.5042303408867336,0.5042303408867336,0.5042303408867336,0.6192210371188447,0.6192210371188447,0.6192210371188447,0.4464536080598757,0.07834815656590761,0.41122347166010254,0.21217897890406076,0.18121964526913217
ci_upper_bound,0.9213807526642057,1.034231197574805,1.034231197574805,1.034231197574805,1.034231197574805,1.0730866551888476,1.0730866551888476,1.0730866551888476,0.9552557936495258,0.2293441511264001,0.6491318356392689,0.5586502971363284,0.30106664427675867
