semantic_similarity,len_answers_quality,chrf_score
1.0,0.30769230769230765,0.4358974358974358
0.30769230769230765,1.0,0.2051282051282051
0.4358974358974358,0.2051282051282051,1.0
