mrr_doc,ratio_correct_docs
1.0,0.6293827811317889
0.6293827811317889,1.0
