Context Relevance (Contextrelevance-Langfuse),Groundedness (Faithfulness-RAGAS),Answer Relevance (Relevance-Langfuse)
1.0,0.055215763037423274,0.12751534261266764
0.055215763037423274,1.0,0.6254627916220945
0.12751534261266764,0.6254627916220945,1.0
