semantic_similarity,Answer Correctness - RAGAS,len_answers_quality,chrf_score
1.0,-0.18681617943926832,0.3846153846153845,0.46153846153846145
-0.18681617943926832,1.0,-0.5070724870494426,-0.10675210253672476
0.3846153846153845,-0.5070724870494426,1.0,0.4102564102564102
0.46153846153846145,-0.10675210253672476,0.4102564102564102,1.0
