semantic_similarity,Answer Correctness - RAGAS,len_answers_quality,chrf_score
1.0,-0.2668802563418119,0.3846153846153845,0.46153846153846145
-0.2668802563418119,1.0,-0.42700841014689905,-0.13344012817090595
0.3846153846153845,-0.42700841014689905,1.0,0.4102564102564102
0.46153846153846145,-0.13344012817090595,0.4102564102564102,1.0
