,hit_at_1,hit_at_2,hit_at_3,hit_at_4,hit_at_5,hit_at_10,hit_at_15,hit_at_20,mrr_doc,ratio_correct_docs,semantic_similarity,len_answers_quality,chrf_score
mean,0.5384615384615384,0.6923076923076923,0.6923076923076923,0.6923076923076923,0.7692307692307693,0.8461538461538461,0.8461538461538461,0.8461538461538461,0.6417582417582418,0.1423076923076923,0.5177447728963138,0.46097759337850797,0.256665651224401
standard_deviation,0.5188745216627708,0.48038446141526137,0.48038446141526137,0.48038446141526137,0.4385290096535146,0.37553380809940534,0.37553380809940534,0.37553380809940534,0.42878810151646357,0.09540735874430285,0.17550100440401253,0.3190017826805965,0.10504309049240132
ci_lower_bound,0.22490880313376077,0.4020142676025728,0.4020142676025728,0.4020142676025728,0.5042303408867336,0.6192210371188447,0.6192210371188447,0.6192210371188447,0.3826441852891659,0.08465360243484754,0.4116905773514899,0.2682067454027689,0.19318874693234178
ci_upper_bound,0.8520142737893162,0.9826011170128117,0.9826011170128117,0.9826011170128117,1.034231197574805,1.0730866551888476,1.0730866551888476,1.0730866551888476,0.9008722982273177,0.19996178218053706,0.6237989684411378,0.653748441354247,0.3201425555164602
