semantic_similarity,len_answers_quality,chrf_score
1.0,0.5128205128205127,0.5897435897435896
0.5128205128205127,1.0,0.25641025641025633
0.5897435897435896,0.25641025641025633,1.0
