mrr_doc,ratio_correct_docs
1.0,0.4640742578223526
0.4640742578223526,1.0
