,hit_at_1,hit_at_2,hit_at_3,hit_at_4,hit_at_5,hit_at_10,hit_at_15,hit_at_20,Context Relevance (Contextrelevance-Langfuse),mrr_doc,ratio_correct_docs,semantic_similarity,len_answers_quality,Answer Correctness - RAGAS,chrf_score,Groundedness (Faithfulness-RAGAS),Answer Relevance (Relevance-Langfuse)
mean,0.5384615384615384,0.6153846153846154,0.6923076923076923,0.6923076923076923,0.7692307692307693,0.8461538461538461,0.8461538461538461,0.8461538461538461,0.0,0.628937728937729,0.13846153846153847,0.5917687907264256,0.4529836149135603,0.4692307692307693,0.26668890699558556,0.7884641025641026,0.8692307692307693
standard_deviation,0.5188745216627708,0.5063696835418333,0.48038446141526137,0.48038446141526137,0.4385290096535146,0.3755338080994054,0.3755338080994054,0.3755338080994054,0.0,0.435813855994247,0.09607689228305227,0.18263804822055368,0.3105785375998794,0.46031622352576884,0.10748419557561863,0.3767127554058531,0.29828570025121715
ci_lower_bound,0.22490880313376077,0.30938847810502507,0.4020142676025728,0.4020142676025728,0.5042303408867336,0.6192210371188447,0.6192210371188447,0.6192210371188447,,0.36557805152894907,0.08040285352051457,0.48140172276755566,0.26530288299696286,0.1910644593111172,0.20173685766535315,0.560818862801997,0.6889785245778375
ci_upper_bound,0.8520142737893162,0.9213807526642057,0.9826011170128117,0.9826011170128117,1.034231197574805,1.0730866551888476,1.0730866551888476,1.0730866551888476,,0.892297406346509,0.19652022340256237,0.7021358586852956,0.6406643468301578,0.7473970791504214,0.33164095632581797,1.0161093423262082,1.049483013883701
