semantic_similarity,Answer Correctness - RAGAS,len_answers_quality,chrf_score
1.0,-0.45291081365783825,0.6923076923076922,0.30769230769230765
-0.45291081365783825,1.0,-0.45291081365783825,0.05661385170722978
0.6923076923076922,-0.45291081365783825,1.0,0.3589743589743589
0.30769230769230765,0.05661385170722978,0.3589743589743589,1.0
