semantic_similarity,len_answers_quality,chrf_score
1.0,0.282051282051282,0.10256410256410255
0.282051282051282,1.0,0.15384615384615383
0.10256410256410255,0.15384615384615383,1.0
