mrr_doc,ratio_correct_docs
1.0,0.9534625892455922
0.9534625892455922,1.0
