,hit_at_1,hit_at_2,hit_at_3,hit_at_4,hit_at_5,hit_at_10,hit_at_15,hit_at_20,mrr_doc,ratio_correct_docs,semantic_similarity,len_answers_quality,chrf_score
mean,0.0,0.0,0.0,0.0,0.0,0.0,0.0,0.0,0.0,0.0,0.5413123259597977,0.41676402484447983,0.21801232514151683
standard_deviation,0.0,0.0,0.0,0.0,0.0,0.0,0.0,0.0,0.0,0.0,0.13959955776337374,0.27942081825801296,0.08393548586407336
ci_lower_bound,,,,,,,,,,,0.4569531574907352,0.24791171428669198,0.16729061866919354
ci_upper_bound,,,,,,,,,,,0.6256714944288603,0.5856163354022677,0.26873403161384013
