semantic_similarity,len_answers_quality,chrf_score
1.0,0.282051282051282,0.15384615384615383
0.282051282051282,1.0,0.5128205128205127
0.15384615384615383,0.5128205128205127,1.0
