,hit_at_1,hit_at_2,hit_at_3,hit_at_4,hit_at_5,hit_at_10,hit_at_15,hit_at_20,mrr_doc,ratio_correct_docs,semantic_similarity,len_answers_quality,chrf_score
mean,0.0,0.0,0.0,0.0,0.07692307692307693,0.07692307692307693,0.07692307692307693,0.07692307692307693,0.015384615384615385,0.0038461538461538464,0.5551435978236687,0.4497504717250656,0.24515270647204387
standard_deviation,0.0,0.0,0.0,0.0,0.2773500981126146,0.2773500981126146,0.2773500981126146,0.2773500981126146,0.05547001962252292,0.01386750490563073,0.152934486117618,0.28968356220570474,0.11805974515209475
ci_lower_bound,,,,,-0.0906779099744022,-0.0906779099744022,-0.0906779099744022,-0.0906779099744022,-0.01813558199488044,-0.00453389549872011,0.4627262127987532,0.2746964470679704,0.17380991649285404
ci_upper_bound,,,,,0.24452406382055605,0.24452406382055605,0.24452406382055605,0.24452406382055605,0.04890481276411121,0.012226203191027803,0.6475609828485842,0.6248044963821608,0.3164954964512337
