semantic_similarity,len_answers_quality,chrf_score
1.0,0.30769230769230765,0.33333333333333326
0.30769230769230765,1.0,0.5128205128205127
0.33333333333333326,0.5128205128205127,1.0
