semantic_similarity,Answer Correctness - RAGAS,len_answers_quality,chrf_score
1.0,-0.04213250442347432,0.4358974358974358,0.5897435897435896
-0.04213250442347432,1.0,-0.32301586724663645,-0.21066252211737158
0.4358974358974358,-0.32301586724663645,1.0,0.7435897435897434
0.5897435897435896,-0.21066252211737158,0.7435897435897434,1.0
