mrr_doc,ratio_correct_docs,Context Relevance (Contextrelevance-Langfuse)
1.0,0.8742274308808126,0.5689655172413792
0.8742274308808126,1.0,0.4539257814188834
0.5689655172413792,0.4539257814188834,1.0
