,hit_at_1,hit_at_2,hit_at_3,hit_at_4,hit_at_5,hit_at_10,hit_at_15,hit_at_20,Context Relevance (Contextrelevance-Langfuse),mrr_doc,ratio_correct_docs,semantic_similarity,len_answers_quality,Answer Correctness - RAGAS,chrf_score,Groundedness (Faithfulness-RAGAS),Answer Relevance (Relevance-Langfuse)
mean,0.5384615384615384,0.6153846153846154,0.6923076923076923,0.6923076923076923,0.7692307692307693,0.8461538461538461,0.8461538461538461,0.8461538461538461,0.0,0.628937728937729,0.13846153846153847,0.5427316900892556,0.44237663885600487,0.4884615384615385,0.24334760603196207,0.8653846153846154,0.8461538461538461
standard_deviation,0.5188745216627708,0.5063696835418333,0.48038446141526137,0.48038446141526137,0.4385290096535146,0.37553380809940534,0.37553380809940534,0.37553380809940534,0.0,0.435813855994247,0.09607689228305227,0.19064842182293593,0.33373773534325696,0.478780502141398,0.11909458795655252,0.299572344757639,0.2436369724794953
ci_lower_bound,0.22490880313376077,0.30938847810502507,0.4020142676025728,0.4020142676025728,0.5042303408867336,0.6192210371188447,0.6192210371188447,0.6192210371188447,,0.36557805152894907,0.08040285352051457,0.42752400180858696,0.24070094380812376,0.19913737664499281,0.17137946680468774,0.6843548592379796,0.6989254971820809
ci_upper_bound,0.8520142737893162,0.9213807526642057,0.9826011170128117,0.9826011170128117,1.034231197574805,1.0730866551888476,1.0730866551888476,1.0730866551888476,,0.892297406346509,0.19652022340256237,0.6579393783699242,0.6440523339038859,0.7777857002780841,0.3153157452592364,1.0464143715312513,0.9933821951256114
