semantic_similarity,Answer Correctness - RAGAS,len_answers_quality,chrf_score
1.0,0.25059685380659946,0.6666666666666665,0.4358974358974358
0.25059685380659946,1.0,0.22111487100582305,0.04422297420116461
0.6666666666666665,0.22111487100582305,1.0,0.5128205128205127
0.4358974358974358,0.04422297420116461,0.5128205128205127,1.0
