,hit_at_1,hit_at_2,hit_at_3,hit_at_4,hit_at_5,hit_at_10,hit_at_15,hit_at_20,mrr_doc,ratio_correct_docs,semantic_similarity,len_answers_quality,chrf_score
mean,0.38461538461538464,0.5384615384615384,0.5384615384615384,0.6153846153846154,0.6923076923076923,0.8461538461538461,0.8461538461538461,0.8461538461538461,0.5115384615384616,0.13076923076923078,0.582232419933024,0.362693817598347,0.24171223193022387
standard_deviation,0.5063696835418333,0.5188745216627708,0.5188745216627708,0.5063696835418333,0.48038446141526137,0.3755338080994054,0.3755338080994054,0.3755338080994054,0.4301907746152892,0.1031553471276484,0.16953783507970704,0.24908019097301734,0.08134916107877375
ci_lower_bound,0.07861924733579428,0.22490880313376077,0.22490880313376077,0.30938847810502507,0.4020142676025728,0.6192210371188447,0.6192210371188447,0.6192210371188447,0.2515767781990239,0.06843307837556567,0.47978173154609033,0.21217616461111138,0.19255342588376456
ci_upper_bound,0.690611521894975,0.8520142737893162,0.8520142737893162,0.9213807526642057,0.9826011170128117,1.0730866551888476,1.0730866551888476,1.0730866551888476,0.7715001448778993,0.19310538316289588,0.6846831083199577,0.5132114705855826,0.2908710379766832
