semantic_similarity,len_answers_quality,chrf_score
1.0,0.6153846153846153,0.17948717948717946
0.6153846153846153,1.0,0.25641025641025633
0.17948717948717946,0.25641025641025633,1.0
