mrr_doc,ratio_correct_docs
1.0,0.5226209567526089
0.5226209567526089,1.0
