mrr_doc,ratio_correct_docs
1.0,0.9780192938436515
0.9780192938436515,1.0
