semantic_similarity,len_answers_quality,chrf_score
1.0,0.25641025641025633,0.12820512820512817
0.25641025641025633,1.0,0.564102564102564
0.12820512820512817,0.564102564102564,1.0
